[
  {
    "name": "أندورا",
    "english_name": "Andorra",
    "code": "ad",
    "phone_code": "376"
  },
  {
    "name": "الإمارات العربية المتحدة",
    "english_name": "United Arab Emirates (UAE)",
    "code": "ae",
    "phone_code": "971"
  },
  {
    "name": "أفغانستان",
    "english_name": "Afghanistan",
    "code": "af",
    "phone_code": "93"
  },
  {
    "name": "أنتيغوا وبربودا",
    "english_name": "Antigua and Barbuda",
    "code": "ag",
    "phone_code": "1"
  },
  {
    "name": "أنغويلا",
    "english_name": "Anguilla",
    "code": "ai",
    "phone_code": "1"
  },
  {
    "name": "ألبانيا",
    "english_name": "Albania",
    "code": "al",
    "phone_code": "355"
  },
  {
    "name": "أرمينيا",
    "english_name": "Armenia",
    "code": "am",
    "phone_code": "374"
  },
  {
    "name": "أنغولا",
    "english_name": "Angola",
    "code": "ao",
    "phone_code": "244"
  },
  {
    "name": "القطب الجنوبي",
    "english_name": "Antarctica",
    "code": "aq",
    "phone_code": "672"
  },
  {
    "name": "الأرجنتين",
    "english_name": "Argentina",
    "code": "ar",
    "phone_code": "54"
  },
  {
    "name": "ساموا الأمريكية",
    "english_name": "American Samoa",
    "code": "as",
    "phone_code": "1"
  },
  {
    "name": "النمسا",
    "english_name": "Austria",
    "code": "at",
    "phone_code": "43"
  },
  {
    "name": "أستراليا",
    "english_name": "Australia",
    "code": "au",
    "phone_code": "61"
  },
  {
    "name": "أروبا",
    "english_name": "Aruba",
    "code": "aw",
    "phone_code": "297"
  },
  {
    "name": "جزر آلاند",
    "english_name": "?land Islands",
    "code": "ax",
    "phone_code": "358"
  },
  {
    "name": "أذربيجان",
    "english_name": "Azerbaijan",
    "code": "az",
    "phone_code": "994"
  },
  {
    "name": "البوسنة والهرسك",
    "english_name": "Bosnia And Herzegovina",
    "code": "ba",
    "phone_code": "387"
  },
  {
    "name": "باربادوس",
    "english_name": "Barbados",
    "code": "bb",
    "phone_code": "1"
  },
  {
    "name": "بنغلاديش",
    "english_name": "Bangladesh",
    "code": "bd",
    "phone_code": "880"
  },
  {
    "name": "بلجيكا",
    "english_name": "Belgium",
    "code": "be",
    "phone_code": "32"
  },
  {
    "name": "بوركينا فاسو",
    "english_name": "Burkina Faso",
    "code": "bf",
    "phone_code": "226"
  },
  {
    "name": "بلغاريا",
    "english_name": "Bulgaria",
    "code": "bg",
    "phone_code": "359"
  },
  {
    "name": "البحرين",
    "english_name": "Bahrain",
    "code": "bh",
    "phone_code": "973"
  },
  {
    "name": "بوروندي",
    "english_name": "Burundi",
    "code": "bi",
    "phone_code": "257"
  },
  {
    "name": "بنين",
    "english_name": "Benin",
    "code": "bj",
    "phone_code": "229"
  },
  {
    "name": "سانت بارتيليمي",
    "english_name": "Saint Barthélemy",
    "code": "bl",
    "phone_code": "590"
  },
  {
    "name": "برمودا",
    "english_name": "Bermuda",
    "code": "bm",
    "phone_code": "1"
  },
  {
    "name": "بروناي",
    "english_name": "Brunei Darussalam",
    "code": "bn",
    "phone_code": "673"
  },
  {
    "name": "بوليفيا",
    "english_name": "Bolivia, Plurinational State Of",
    "code": "bo",
    "phone_code": "591"
  },
  {
    "name": "البرازيل",
    "english_name": "Brazil",
    "code": "br",
    "phone_code": "55"
  },
  {
    "name": "باهاماس",
    "english_name": "Bahamas",
    "code": "bs",
    "phone_code": "1"
  },
  {
    "name": "بوتان",
    "english_name": "Bhutan",
    "code": "bt",
    "phone_code": "975"
  },
  {
    "name": "بوتسوانا",
    "english_name": "Botswana",
    "code": "bw",
    "phone_code": "267"
  },
  {
    "name": "روسيا البيضاء",
    "english_name": "Belarus",
    "code": "by",
    "phone_code": "375"
  },
  {
    "name": "بليز",
    "english_name": "Belize",
    "code": "bz",
    "phone_code": "501"
  },
  {
    "name": "كندا",
    "english_name": "Canada",
    "code": "ca",
    "phone_code": "1"
  },
  {
    "name": "جزر كوكوس",
    "english_name": "Cocos (keeling) Islands",
    "code": "cc",
    "phone_code": "61"
  },
  {
    "name": "الكونفو",
    "english_name": "Congo, The Democratic Republic Of The",
    "code": "cd",
    "phone_code": "243"
  },
  {
    "name": "جمهورية افريقيا الوسطى",
    "english_name": "Central African Republic",
    "code": "cf",
    "phone_code": "236"
  },
  {
    "name": "الكونغو",
    "english_name": "Congo",
    "code": "cg",
    "phone_code": "242"
  },
  {
    "name": "سويسرا",
    "english_name": "Switzerland",
    "code": "ch",
    "phone_code": "41"
  },
  {
    "name": "ساحل العاج",
    "english_name": "Côte D'ivoire",
    "code": "ci",
    "phone_code": "225"
  },
  {
    "name": "جزر كوك",
    "english_name": "Cook Islands",
    "code": "ck",
    "phone_code": "682"
  },
  {
    "name": "تشيلي",
    "english_name": "Chile",
    "code": "cl",
    "phone_code": "56"
  },
  {
    "name": "الكاميرون",
    "english_name": "Cameroon",
    "code": "cm",
    "phone_code": "237"
  },
  {
    "name": "الصين",
    "english_name": "China",
    "code": "cn",
    "phone_code": "86"
  },
  {
    "name": "كولومبيا",
    "english_name": "Colombia",
    "code": "co",
    "phone_code": "57"
  },
  {
    "name": "كوستا ريكا",
    "english_name": "Costa Rica",
    "code": "cr",
    "phone_code": "506"
  },
  {
    "name": "كوبا",
    "english_name": "Cuba",
    "code": "cu",
    "phone_code": "53"
  },
  {
    "name": "الرأس الأخضر",
    "english_name": "Cape Verde",
    "code": "cv",
    "phone_code": "238"
  },
  {
    "name": "كوراكاو",
    "english_name": "Curaçao",
    "code": "cw",
    "phone_code": "599"
  },
  {
    "name": "جزيرة الكريسماس",
    "english_name": "Christmas Island",
    "code": "cx",
    "phone_code": "61"
  },
  {
    "name": "قبرص",
    "english_name": "Cyprus",
    "code": "cy",
    "phone_code": "357"
  },
  {
    "name": "جمهورية التشيك",
    "english_name": "Czech Republic",
    "code": "cz",
    "phone_code": "420"
  },
  {
    "name": "ألمانيا",
    "english_name": "Germany",
    "code": "de",
    "phone_code": "49"
  },
  {
    "name": "جيبوتي",
    "english_name": "Djibouti",
    "code": "dj",
    "phone_code": "253"
  },
  {
    "name": "الدنمارك",
    "english_name": "Denmark",
    "code": "dk",
    "phone_code": "45"
  },
  {
    "name": "دومينيكا",
    "english_name": "Dominica",
    "code": "dm",
    "phone_code": "1"
  },
  {
    "name": "جمهورية الدومنيكان",
    "english_name": "Dominican Republic",
    "code": "do",
    "phone_code": "1"
  },
  {
    "name": "الجزائر",
    "english_name": "Algeria",
    "code": "dz",
    "phone_code": "213"
  },
  {
    "name": "الإكوادور",
    "english_name": "Ecuador",
    "code": "ec",
    "phone_code": "593"
  },
  {
    "name": "استونيا",
    "english_name": "Estonia",
    "code": "ee",
    "phone_code": "372"
  },
  {
    "name": "مصر",
    "english_name": "Egypt",
    "code": "eg",
    "phone_code": "20"
  },
  {
    "name": "إريتريا",
    "english_name": "Eritrea",
    "code": "er",
    "phone_code": "291"
  },
  {
    "name": "إسبانيا",
    "english_name": "Spain",
    "code": "es",
    "phone_code": "34"
  },
  {
    "name": "أثيوبيا",
    "english_name": "Ethiopia",
    "code": "et",
    "phone_code": "251"
  },
  {
    "name": "فنلندا",
    "english_name": "Finland",
    "code": "fi",
    "phone_code": "358"
  },
  {
    "name": "فيجي",
    "english_name": "Fiji",
    "code": "fj",
    "phone_code": "679"
  },
  {
    "name": "جزر فوكلاند",
    "english_name": "Falkland Islands (malvinas)",
    "code": "fk",
    "phone_code": "500"
  },
  {
    "name": "ولايات ميكرونيسيا المتحدة",
    "english_name": "Micronesia, Federated States Of",
    "code": "fm",
    "phone_code": "691"
  },
  {
    "name": "جزر فارو",
    "english_name": "Faroe Islands",
    "code": "fo",
    "phone_code": "298"
  },
  {
    "name": "فرنسا",
    "english_name": "France",
    "code": "fr",
    "phone_code": "33"
  },
  {
    "name": "الغابون",
    "english_name": "Gabon",
    "code": "ga",
    "phone_code": "241"
  },
  {
    "name": "المملكة المتحدة",
    "english_name": "United Kingdom",
    "code": "gb",
    "phone_code": "44"
  },
  {
    "name": "غرينادا",
    "english_name": "Grenada",
    "code": "gd",
    "phone_code": "1"
  },
  {
    "name": "جورجيا",
    "english_name": "Georgia",
    "code": "ge",
    "phone_code": "995"
  },
  {
    "name": "غويانا الفرنسية",
    "english_name": "French Guyana",
    "code": "gf",
    "phone_code": "594"
  },
  {
    "name": "غيرنسي",
    "english_name": "Guernsey",
    "code": "gg",
    "phone_code": "44"
  },
  {
    "name": "غانا",
    "english_name": "Ghana",
    "code": "gh",
    "phone_code": "233"
  },
  {
    "name": "جبل طارق",
    "english_name": "Gibraltar",
    "code": "gi",
    "phone_code": "350"
  },
  {
    "name": "جرينلاند",
    "english_name": "Greenland",
    "code": "gl",
    "phone_code": "299"
  },
  {
    "name": "غامبيا",
    "english_name": "Gambia",
    "code": "gm",
    "phone_code": "220"
  },
  {
    "name": "غينيا",
    "english_name": "Guinea",
    "code": "gn",
    "phone_code": "224"
  },
  {
    "name": "جوادلوب",
    "english_name": "Guadeloupe",
    "code": "gp",
    "phone_code": "590"
  },
  {
    "name": "غينيا الإستوائية",
    "english_name": "Equatorial Guinea",
    "code": "gq",
    "phone_code": "240"
  },
  {
    "name": "اليونان",
    "english_name": "Greece",
    "code": "gr",
    "phone_code": "30"
  },
  {
    "name": "غواتيمالا",
    "english_name": "Guatemala",
    "code": "gt",
    "phone_code": "502"
  },
  {
    "name": "غوام",
    "english_name": "Guam",
    "code": "gu",
    "phone_code": "1"
  },
  {
    "name": "غينيا بيساو",
    "english_name": "Guinea-bissau",
    "code": "gw",
    "phone_code": "245"
  },
  {
    "name": "غيانا",
    "english_name": "Guyana",
    "code": "gy",
    "phone_code": "592"
  },
  {
    "name": "هونغ كونغ",
    "english_name": "Hong Kong",
    "code": "hk",
    "phone_code": "852"
  },
  {
    "name": "هندوراس",
    "english_name": "Honduras",
    "code": "hn",
    "phone_code": "504"
  },
  {
    "name": "كرواتيا",
    "english_name": "Croatia",
    "code": "hr",
    "phone_code": "385"
  },
  {
    "name": "هايتي",
    "english_name": "Haiti",
    "code": "ht",
    "phone_code": "509"
  },
  {
    "name": "المجر",
    "english_name": "Hungary",
    "code": "hu",
    "phone_code": "36"
  },
  {
    "name": "أندونيسيا",
    "english_name": "Indonesia",
    "code": "id",
    "phone_code": "62"
  },
  {
    "name": "جمهورية أيرلندا",
    "english_name": "Ireland",
    "code": "ie",
    "phone_code": "353"
  },
  {
    "name": "إسرائيل",
    "english_name": "Israel",
    "code": "il",
    "phone_code": "972"
  },
  {
    "name": "جزيرة مان",
    "english_name": "Isle Of Man",
    "code": "im",
    "phone_code": "44"
  },
  {
    "name": "آيسلندا",
    "english_name": "Iceland",
    "code": "is",
    "phone_code": "354"
  },
  {
    "name": "الهند",
    "english_name": "India",
    "code": "in",
    "phone_code": "91"
  },
  {
    "name": "إقليم المحيط البريطاني الهندي",
    "english_name": "British Indian Ocean Territory",
    "code": "io",
    "phone_code": "246"
  },
  {
    "name": "العراق",
    "english_name": "Iraq",
    "code": "iq",
    "phone_code": "964"
  },
  {
    "name": "إيران",
    "english_name": "Iran, Islamic Republic Of",
    "code": "ir",
    "phone_code": "98"
  },
  {
    "name": "إيطاليا",
    "english_name": "Italy",
    "code": "it",
    "phone_code": "39"
  },
  {
    "name": "جيرسي",
    "english_name": "Jersey",
    "code": "je",
    "phone_code": "44"
  },
  {
    "name": "جامايكا",
    "english_name": "Jamaica",
    "code": "jm",
    "phone_code": "1"
  },
  {
    "name": "الأردن",
    "english_name": "Jordan",
    "code": "jo",
    "phone_code": "962"
  },
  {
    "name": "اليابان",
    "english_name": "Japan",
    "code": "jp",
    "phone_code": "81"
  },
  {
    "name": "كينيا",
    "english_name": "Kenya",
    "code": "ke",
    "phone_code": "254"
  },
  {
    "name": "قرغيزستان",
    "english_name": "Kyrgyzstan",
    "code": "kg",
    "phone_code": "996"
  },
  {
    "name": "كمبوديا",
    "english_name": "Cambodia",
    "code": "kh",
    "phone_code": "855"
  },
  {
    "name": "كيريباتي",
    "english_name": "Kiribati",
    "code": "ki",
    "phone_code": "686"
  },
  {
    "name": "جزر القمر",
    "english_name": "Comoros",
    "code": "km",
    "phone_code": "269"
  },
  {
    "name": "سانت كيتس ونيفيس",
    "english_name": "Saint Kitts and Nevis",
    "code": "kn",
    "phone_code": "1"
  },
  {
    "name": "كوريا الشمالية",
    "english_name": "North Korea",
    "code": "kp",
    "phone_code": "850"
  },
  {
    "name": "كوريا الجنوبية",
    "english_name": "South Korea",
    "code": "kr",
    "phone_code": "82"
  },
  {
    "name": "الكويت",
    "english_name": "Kuwait",
    "code": "kw",
    "phone_code": "965"
  },
  {
    "name": "جزر كايمان",
    "english_name": "Cayman Islands",
    "code": "ky",
    "phone_code": "1"
  },
  {
    "name": "كازاخستان",
    "english_name": "Kazakhstan",
    "code": "kz",
    "phone_code": "7"
  },
  {
    "name": "لاوس",
    "english_name": "Lao People's Democratic Republic",
    "code": "la",
    "phone_code": "856"
  },
  {
    "name": "لبنان",
    "english_name": "Lebanon",
    "code": "lb",
    "phone_code": "961"
  },
  {
    "name": "القديسة لوسيا",
    "english_name": "Saint Lucia",
    "code": "lc",
    "phone_code": "1"
  },
  {
    "name": "ليختنشتاين",
    "english_name": "Liechtenstein",
    "code": "li",
    "phone_code": "423"
  },
  {
    "name": "سيريلانكا",
    "english_name": "Sri Lanka",
    "code": "lk",
    "phone_code": "94"
  },
  {
    "name": "ليبيريا",
    "english_name": "Liberia",
    "code": "lr",
    "phone_code": "231"
  },
  {
    "name": "ليسوتو",
    "english_name": "Lesotho",
    "code": "ls",
    "phone_code": "266"
  },
  {
    "name": "ليتوانيا",
    "english_name": "Lithuania",
    "code": "lt",
    "phone_code": "370"
  },
  {
    "name": "لوكسمبورغ",
    "english_name": "Luxembourg",
    "code": "lu",
    "phone_code": "352"
  },
  {
    "name": "لاتفيا",
    "english_name": "Latvia",
    "code": "lv",
    "phone_code": "371"
  },
  {
    "name": "ليبيا",
    "english_name": "Libya",
    "code": "ly",
    "phone_code": "218"
  },
  {
    "name": "المغرب",
    "english_name": "Morocco",
    "code": "ma",
    "phone_code": "212"
  },
  {
    "name": "موناكو",
    "english_name": "Monaco",
    "code": "mc",
    "phone_code": "377"
  },
  {
    "name": "مولدافيا",
    "english_name": "Moldova, Republic Of",
    "code": "md",
    "phone_code": "373"
  },
  {
    "name": "الجبل الأسود",
    "english_name": "Montenegro",
    "code": "me",
    "phone_code": "382"
  },
  {
    "name": "القديس مارتن",
    "english_name": "Saint Martin",
    "code": "mf",
    "phone_code": "590"
  },
  {
    "name": "مدغشقر",
    "english_name": "Madagascar",
    "code": "mg",
    "phone_code": "261"
  },
  {
    "name": "جزر مارشال",
    "english_name": "Marshall Islands",
    "code": "mh",
    "phone_code": "692"
  },
  {
    "name": "مقدونيا، جمهورية يوغوسلافيا السابقة",
    "english_name": "Macedonia (FYROM)",
    "code": "mk",
    "phone_code": "389"
  },
  {
    "name": "مالي",
    "english_name": "Mali",
    "code": "ml",
    "phone_code": "223"
  },
  {
    "name": "ميانمار",
    "english_name": "Myanmar",
    "code": "mm",
    "phone_code": "95"
  },
  {
    "name": "منغوليا",
    "english_name": "Mongolia",
    "code": "mn",
    "phone_code": "976"
  },
  {
    "name": "ماكاو",
    "english_name": "Macau",
    "code": "mo",
    "phone_code": "853"
  },
  {
    "name": "جزر مريانا الشمالية",
    "english_name": "Northern Mariana Islands",
    "code": "mp",
    "phone_code": "1"
  },
  {
    "name": "مارتينيك",
    "english_name": "Martinique",
    "code": "mq",
    "phone_code": "596"
  },
  {
    "name": "موريتانيا",
    "english_name": "Mauritania",
    "code": "mr",
    "phone_code": "222"
  },
  {
    "name": "مونتسيرات",
    "english_name": "Montserrat",
    "code": "ms",
    "phone_code": "1"
  },
  {
    "name": "مالطا",
    "english_name": "Malta",
    "code": "mt",
    "phone_code": "356"
  },
  {
    "name": "موريشيوس",
    "english_name": "Mauritius",
    "code": "mu",
    "phone_code": "230"
  },
  {
    "name": "جزر المالديف",
    "english_name": "Maldives",
    "code": "mv",
    "phone_code": "960"
  },
  {
    "name": "ملاوي",
    "english_name": "Malawi",
    "code": "mw",
    "phone_code": "265"
  },
  {
    "name": "المكسيك",
    "english_name": "Mexico",
    "code": "mx",
    "phone_code": "52"
  },
  {
    "name": "ماليزيا",
    "english_name": "Malaysia",
    "code": "my",
    "phone_code": "60"
  },
  {
    "name": "موزمبيق",
    "english_name": "Mozambique",
    "code": "mz",
    "phone_code": "258"
  },
  {
    "name": "ناميبيا",
    "english_name": "Namibia",
    "code": "na",
    "phone_code": "264"
  },
  {
    "name": "كاليدونيا الجديدة",
    "english_name": "New Caledonia",
    "code": "nc",
    "phone_code": "687"
  },
  {
    "name": "النيجر",
    "english_name": "Niger",
    "code": "ne",
    "phone_code": "227"
  },
  {
    "name": "جزر نورفولك",
    "english_name": "Norfolk Islands",
    "code": "nf",
    "phone_code": "672"
  },
  {
    "name": "نيجيريا",
    "english_name": "Nigeria",
    "code": "ng",
    "phone_code": "234"
  },
  {
    "name": "نيكاراغوا",
    "english_name": "Nicaragua",
    "code": "ni",
    "phone_code": "505"
  },
  {
    "name": "هولندا",
    "english_name": "Netherlands",
    "code": "nl",
    "phone_code": "31"
  },
  {
    "name": "النرويج",
    "english_name": "Norway",
    "code": "no",
    "phone_code": "47"
  },
  {
    "name": "نيبال",
    "english_name": "Nepal",
    "code": "np",
    "phone_code": "977"
  },
  {
    "name": "ناورو",
    "english_name": "Nauru",
    "code": "nr",
    "phone_code": "674"
  },
  {
    "name": "نيوي",
    "english_name": "Niue",
    "code": "nu",
    "phone_code": "683"
  },
  {
    "name": "نيوزيلاندا",
    "english_name": "New Zealand",
    "code": "nz",
    "phone_code": "64"
  },
  {
    "name": "سلطنة عمان",
    "english_name": "Oman",
    "code": "om",
    "phone_code": "968"
  },
  {
    "name": "بناما",
    "english_name": "Panama",
    "code": "pa",
    "phone_code": "507"
  },
  {
    "name": "بيرو",
    "english_name": "Peru",
    "code": "pe",
    "phone_code": "51"
  },
  {
    "name": "بولينيزيا الفرنسية",
    "english_name": "French Polynesia",
    "code": "pf",
    "phone_code": "689"
  },
  {
    "name": "بابوا غينيا الجديدة",
    "english_name": "Papua New Guinea",
    "code": "pg",
    "phone_code": "675"
  },
  {
    "name": "الفلبين",
    "english_name": "Philippines",
    "code": "ph",
    "phone_code": "63"
  },
  {
    "name": "باكستان",
    "english_name": "Pakistan",
    "code": "pk",
    "phone_code": "92"
  },
  {
    "name": "بولندا",
    "english_name": "Poland",
    "code": "pl",
    "phone_code": "48"
  },
  {
    "name": "سان بيار وميكلون",
    "english_name": "Saint Pierre And Miquelon",
    "code": "pm",
    "phone_code": "508"
  },
  {
    "name": "جزر بيتكيرن",
    "english_name": "Pitcairn Islands",
    "code": "pn",
    "phone_code": "870"
  },
  {
    "name": "بورتوريكو",
    "english_name": "Puerto Rico",
    "code": "pr",
    "phone_code": "1"
  },
  {
    "name": "فلسطين",
    "english_name": "Palestine",
    "code": "ps",
    "phone_code": "970"
  },
  {
    "name": "البرتغال",
    "english_name": "Portugal",
    "code": "pt",
    "phone_code": "351"
  },
  {
    "name": "بالاو",
    "english_name": "Palau",
    "code": "pw",
    "phone_code": "680"
  },
  {
    "name": "باراغواي",
    "english_name": "Paraguay",
    "code": "py",
    "phone_code": "595"
  },
  {
    "name": "قطر",
    "english_name": "Qatar",
    "code": "qa",
    "phone_code": "974"
  },
  {
    "name": "لا ريونيون",
    "english_name": "Réunion",
    "code": "re",
    "phone_code": "262"
  },
  {
    "name": "رومانيا",
    "english_name": "Romania",
    "code": "ro",
    "phone_code": "40"
  },
  {
    "name": "صربيا",
    "english_name": "Serbia",
    "code": "rs",
    "phone_code": "381"
  },
  {
    "name": "روسيا",
    "english_name": "Russian Federation",
    "code": "ru",
    "phone_code": "7"
  },
  {
    "name": "رواندا",
    "english_name": "Rwanda",
    "code": "rw",
    "phone_code": "250"
  },
  {
    "name": "المملكة العربية السعودية",
    "english_name": "Saudi Arabia",
    "code": "sa",
    "phone_code": "966"
  },
  {
    "name": "جزر سليمان",
    "english_name": "Solomon Islands",
    "code": "sb",
    "phone_code": "677"
  },
  {
    "name": "سيشيل",
    "english_name": "Seychelles",
    "code": "sc",
    "phone_code": "248"
  },
  {
    "name": "السودان",
    "english_name": "Sudan",
    "code": "sd",
    "phone_code": "249"
  },
  {
    "name": "السويد",
    "english_name": "Sweden",
    "code": "se",
    "phone_code": "46"
  },
  {
    "name": "سنغافورة",
    "english_name": "Singapore",
    "code": "sg",
    "phone_code": "65"
  },
  {
    "name": "سانت هيلانة",
    "english_name": "Saint Helena, Ascension And Tristan Da Cunha",
    "code": "sh",
    "phone_code": "290"
  },
  {
    "name": "سلوفينيا",
    "english_name": "Slovenia",
    "code": "si",
    "phone_code": "386"
  },
  {
    "name": "سلوفاكيا",
    "english_name": "Slovakia",
    "code": "sk",
    "phone_code": "421"
  },
  {
    "name": "سيرا ليون",
    "english_name": "Sierra Leone",
    "code": "sl",
    "phone_code": "232"
  },
  {
    "name": "سان مارينو",
    "english_name": "San Marino",
    "code": "sm",
    "phone_code": "378"
  },
  {
    "name": "السنغال",
    "english_name": "Senegal",
    "code": "sn",
    "phone_code": "221"
  },
  {
    "name": "الصومال",
    "english_name": "Somalia",
    "code": "so",
    "phone_code": "252"
  },
  {
    "name": "سورينام",
    "english_name": "Suriname",
    "code": "sr",
    "phone_code": "597"
  },
  {
    "name": "جنوب السودان",
    "english_name": "South Sudan",
    "code": "ss",
    "phone_code": "211"
  },
  {
    "name": "ساو تومي وبرينسيبي",
    "english_name": "Sao Tome And Principe",
    "code": "st",
    "phone_code": "239"
  },
  {
    "name": "السلفادور",
    "english_name": "El Salvador",
    "code": "sv",
    "phone_code": "503"
  },
  {
    "name": "سانت مارتن",
    "english_name": "Sint Maarten",
    "code": "sx",
    "phone_code": "1"
  },
  {
    "name": "سوريا",
    "english_name": "Syrian Arab Republic",
    "code": "sy",
    "phone_code": "963"
  },
  {
    "name": "سوازيلاند",
    "english_name": "Swaziland",
    "code": "sz",
    "phone_code": "268"
  },
  {
    "name": "جزر تركس وكايكوس",
    "english_name": "Turks and Caicos Islands",
    "code": "tc",
    "phone_code": "1"
  },
  {
    "name": "تشاد",
    "english_name": "Chad",
    "code": "td",
    "phone_code": "235"
  },
  {
    "name": "توغو",
    "english_name": "Togo",
    "code": "tg",
    "phone_code": "228"
  },
  {
    "name": "تايلاند",
    "english_name": "Thailand",
    "code": "th",
    "phone_code": "66"
  },
  {
    "name": "طاجيكستان",
    "english_name": "Tajikistan",
    "code": "tj",
    "phone_code": "992"
  },
  {
    "name": "توكيلاو",
    "english_name": "Tokelau",
    "code": "tk",
    "phone_code": "690"
  },
  {
    "name": "تيمور الشرقية",
    "english_name": "Timor-leste",
    "code": "tl",
    "phone_code": "670"
  },
  {
    "name": "تركمانستان",
    "english_name": "Turkmenistan",
    "code": "tm",
    "phone_code": "993"
  },
  {
    "name": "تونس",
    "english_name": "Tunisia",
    "code": "tn",
    "phone_code": "216"
  },
  {
    "name": "تونغا",
    "english_name": "Tonga",
    "code": "to",
    "phone_code": "676"
  },
  {
    "name": "تركيا",
    "english_name": "Turkey",
    "code": "tr",
    "phone_code": "90"
  },
  {
    "name": "ترينيداد وتوباغو",
    "english_name": "Trinidad & Tobago",
    "code": "tt",
    "phone_code": "1"
  },
  {
    "name": "توفالو",
    "english_name": "Tuvalu",
    "code": "tv",
    "phone_code": "688"
  },
  {
    "name": "تايوان",
    "english_name": "Taiwan",
    "code": "tw",
    "phone_code": "886"
  },
  {
    "name": "تنزانيا",
    "english_name": "Tanzania, United Republic Of",
    "code": "tz",
    "phone_code": "255"
  },
  {
    "name": "أوكرانيا",
    "english_name": "Ukraine",
    "code": "ua",
    "phone_code": "380"
  },
  {
    "name": "أوغندا",
    "english_name": "Uganda",
    "code": "ug",
    "phone_code": "256"
  },
  {
    "name": "الولايات المتحدة",
    "english_name": "United States (USA)",
    "code": "us",
    "phone_code": "1"
  },
  {
    "name": "أوروغواي",
    "english_name": "Uruguay",
    "code": "uy",
    "phone_code": "598"
  },
  {
    "name": "أوزبكستان",
    "english_name": "Uzbekistan",
    "code": "uz",
    "phone_code": "998"
  },
  {
    "name": "الفاتيكان",
    "english_name": "Holy See (vatican City State)",
    "code": "va",
    "phone_code": "379"
  },
  {
    "name": "سانت فينسنت والغرينادين",
    "english_name": "Saint Vincent & The Grenadines",
    "code": "vc",
    "phone_code": "1"
  },
  {
    "name": "فنزويلا",
    "english_name": "Venezuela, Bolivarian Republic Of",
    "code": "ve",
    "phone_code": "58"
  },
  {
    "name": "جزر العذراء البريطانية",
    "english_name": "British Virgin Islands",
    "code": "vg",
    "phone_code": "1"
  },
  {
    "name": "جزر فيرجن الأمريكية",
    "english_name": "US Virgin Islands",
    "code": "vi",
    "phone_code": "1"
  },
  {
    "name": "فيتنام",
    "english_name": "Vietnam",
    "code": "vn",
    "phone_code": "84"
  },
  {
    "name": "فانواتو",
    "english_name": "Vanuatu",
    "code": "vu",
    "phone_code": "678"
  },
  {
    "name": "واليس وفوتونا",
    "english_name": "Wallis And Futuna",
    "code": "wf",
    "phone_code": "681"
  },
  {
    "name": "ساموا",
    "english_name": "Samoa",
    "code": "ws",
    "phone_code": "685"
  },
  {
    "name": "كوسوفو",
    "english_name": "Kosovo",
    "code": "xk",
    "phone_code": "383"
  },
  {
    "name": "اليمن",
    "english_name": "Yemen",
    "code": "ye",
    "phone_code": "967"
  },
  {
    "name": "مايوت",
    "english_name": "Mayotte",
    "code": "yt",
    "phone_code": "262"
  },
  {
    "name": "جنوب أفريقيا",
    "english_name": "South Africa",
    "code": "za",
    "phone_code": "27"
  },
  {
    "name": "زامبيا",
    "english_name": "Zambia",
    "code": "zm",
    "phone_code": "260"
  },
  {
    "name": "زيمبابوي",
    "english_name": "Zimbabwe",
    "code": "zw",
    "phone_code": "263"
  }
]