[
  {
    "name": "Andorra",
    "english_name": "Andorra",
    "code": "ad",
    "phone_code": "376"
  },
  {
    "name": "Förenade Arabemiraten",
    "english_name": "United Arab Emirates (UAE)",
    "code": "ae",
    "phone_code": "971"
  },
  {
    "name": "Afghanistan",
    "english_name": "Afghanistan",
    "code": "af",
    "phone_code": "93"
  },
  {
    "name": "Antigua och Barbuda",
    "english_name": "Antigua and Barbuda",
    "code": "ag",
    "phone_code": "1"
  },
  {
    "name": "Anguilla",
    "english_name": "Anguilla",
    "code": "ai",
    "phone_code": "1"
  },
  {
    "name": "Albanien",
    "english_name": "Albania",
    "code": "al",
    "phone_code": "355"
  },
  {
    "name": "Armenien",
    "english_name": "Armenia",
    "code": "am",
    "phone_code": "374"
  },
  {
    "name": "Angola",
    "english_name": "Angola",
    "code": "ao",
    "phone_code": "244"
  },
  {
    "name": "Antarktis",
    "english_name": "Antarctica",
    "code": "aq",
    "phone_code": "672"
  },
  {
    "name": "Argentina",
    "english_name": "Argentina",
    "code": "ar",
    "phone_code": "54"
  },
  {
    "name": "Amerikanska Samoa",
    "english_name": "American Samoa",
    "code": "as",
    "phone_code": "1"
  },
  {
    "name": "Österrike",
    "english_name": "Austria",
    "code": "at",
    "phone_code": "43"
  },
  {
    "name": "Australien",
    "english_name": "Australia",
    "code": "au",
    "phone_code": "61"
  },
  {
    "name": "Aruba",
    "english_name": "Aruba",
    "code": "aw",
    "phone_code": "297"
  },
  {
    "name": "Åland Islands",
    "english_name": "Åland Islands",
    "code": "ax",
    "phone_code": "358"
  },
  {
    "name": "Azerbajdzjan",
    "english_name": "Azerbaijan",
    "code": "az",
    "phone_code": "994"
  },
  {
    "name": "Bosnien och Hercegovina",
    "english_name": "Bosnia And Herzegovina",
    "code": "ba",
    "phone_code": "387"
  },
  {
    "name": "Barbados",
    "english_name": "Barbados",
    "code": "bb",
    "phone_code": "1"
  },
  {
    "name": "Bangladesh",
    "english_name": "Bangladesh",
    "code": "bd",
    "phone_code": "880"
  },
  {
    "name": "Belgien",
    "english_name": "Belgium",
    "code": "be",
    "phone_code": "32"
  },
  {
    "name": "Burkina Faso",
    "english_name": "Burkina Faso",
    "code": "bf",
    "phone_code": "226"
  },
  {
    "name": "Bulgarien",
    "english_name": "Bulgaria",
    "code": "bg",
    "phone_code": "359"
  },
  {
    "name": "Bahrain",
    "english_name": "Bahrain",
    "code": "bh",
    "phone_code": "973"
  },
  {
    "name": "Burundi",
    "english_name": "Burundi",
    "code": "bi",
    "phone_code": "257"
  },
  {
    "name": "Benin",
    "english_name": "Benin",
    "code": "bj",
    "phone_code": "229"
  },
  {
    "name": "Saint-Barthélemy",
    "english_name": "Saint Barthélemy",
    "code": "bl",
    "phone_code": "590"
  },
  {
    "name": "Bermuda",
    "english_name": "Bermuda",
    "code": "bm",
    "phone_code": "1"
  },
  {
    "name": "Brunei",
    "english_name": "Brunei Darussalam",
    "code": "bn",
    "phone_code": "673"
  },
  {
    "name": "Bolivia",
    "english_name": "Bolivia, Plurinational State Of",
    "code": "bo",
    "phone_code": "591"
  },
  {
    "name": "Brasilien",
    "english_name": "Brazil",
    "code": "br",
    "phone_code": "55"
  },
  {
    "name": "Bahamas",
    "english_name": "Bahamas",
    "code": "bs",
    "phone_code": "1"
  },
  {
    "name": "Bhutan",
    "english_name": "Bhutan",
    "code": "bt",
    "phone_code": "975"
  },
  {
    "name": "Botswana",
    "english_name": "Botswana",
    "code": "bw",
    "phone_code": "267"
  },
  {
    "name": "Vitryssland",
    "english_name": "Belarus",
    "code": "by",
    "phone_code": "375"
  },
  {
    "name": "Belize",
    "english_name": "Belize",
    "code": "bz",
    "phone_code": "501"
  },
  {
    "name": "Kanada",
    "english_name": "Canada",
    "code": "ca",
    "phone_code": "1"
  },
  {
    "name": "Kokosöarna",
    "english_name": "Cocos (keeling) Islands",
    "code": "cc",
    "phone_code": "61"
  },
  {
    "name": "Kongo-Kinshasa",
    "english_name": "Congo, The Democratic Republic Of The",
    "code": "cd",
    "phone_code": "243"
  },
  {
    "name": "Centralafrikanska republiken",
    "english_name": "Central African Republic",
    "code": "cf",
    "phone_code": "236"
  },
  {
    "name": "Kongo-Brazzaville",
    "english_name": "Congo",
    "code": "cg",
    "phone_code": "242"
  },
  {
    "name": "Schweiz",
    "english_name": "Switzerland",
    "code": "ch",
    "phone_code": "41"
  },
  {
    "name": "Elfenbenskusten",
    "english_name": "Côte D'ivoire",
    "code": "ci",
    "phone_code": "225"
  },
  {
    "name": "Cooköarna",
    "english_name": "Cook Islands",
    "code": "ck",
    "phone_code": "682"
  },
  {
    "name": "Chile",
    "english_name": "Chile",
    "code": "cl",
    "phone_code": "56"
  },
  {
    "name": "Kamerun",
    "english_name": "Cameroon",
    "code": "cm",
    "phone_code": "237"
  },
  {
    "name": "Kina",
    "english_name": "China",
    "code": "cn",
    "phone_code": "86"
  },
  {
    "name": "Colombia",
    "english_name": "Colombia",
    "code": "co",
    "phone_code": "57"
  },
  {
    "name": "Costa Rica",
    "english_name": "Costa Rica",
    "code": "cr",
    "phone_code": "506"
  },
  {
    "name": "Kuba",
    "english_name": "Cuba",
    "code": "cu",
    "phone_code": "53"
  },
  {
    "name": "Kap Verde",
    "english_name": "Cape Verde",
    "code": "cv",
    "phone_code": "238"
  },
  {
    "name": "Curaçao",
    "english_name": "Curaçao",
    "code": "cw",
    "phone_code": "599"
  },
  {
    "name": "Julön",
    "english_name": "Christmas Island",
    "code": "cx",
    "phone_code": "61"
  },
  {
    "name": "Cypern",
    "english_name": "Cyprus",
    "code": "cy",
    "phone_code": "357"
  },
  {
    "name": "Tjeckien",
    "english_name": "Czech Republic",
    "code": "cz",
    "phone_code": "420"
  },
  {
    "name": "Tyskland",
    "english_name": "Germany",
    "code": "de",
    "phone_code": "49"
  },
  {
    "name": "Djibouti",
    "english_name": "Djibouti",
    "code": "dj",
    "phone_code": "253"
  },
  {
    "name": "Danmark",
    "english_name": "Denmark",
    "code": "dk",
    "phone_code": "45"
  },
  {
    "name": "Dominica",
    "english_name": "Dominica",
    "code": "dm",
    "phone_code": "1"
  },
  {
    "name": "Dominikanska republiken",
    "english_name": "Dominican Republic",
    "code": "do",
    "phone_code": "1"
  },
  {
    "name": "Algeriet",
    "english_name": "Algeria",
    "code": "dz",
    "phone_code": "213"
  },
  {
    "name": "Ecuador",
    "english_name": "Ecuador",
    "code": "ec",
    "phone_code": "593"
  },
  {
    "name": "Estland",
    "english_name": "Estonia",
    "code": "ee",
    "phone_code": "372"
  },
  {
    "name": "Egypten",
    "english_name": "Egypt",
    "code": "eg",
    "phone_code": "20"
  },
  {
    "name": "Eritrea",
    "english_name": "Eritrea",
    "code": "er",
    "phone_code": "291"
  },
  {
    "name": "Spanien",
    "english_name": "Spain",
    "code": "es",
    "phone_code": "34"
  },
  {
    "name": "Etiopien",
    "english_name": "Ethiopia",
    "code": "et",
    "phone_code": "251"
  },
  {
    "name": "Finland",
    "english_name": "Finland",
    "code": "fi",
    "phone_code": "358"
  },
  {
    "name": "Fiji",
    "english_name": "Fiji",
    "code": "fj",
    "phone_code": "679"
  },
  {
    "name": "Falklandsöarna",
    "english_name": "Falkland Islands (malvinas)",
    "code": "fk",
    "phone_code": "500"
  },
  {
    "name": "Mikronesien",
    "english_name": "Micronesia, Federated States Of",
    "code": "fm",
    "phone_code": "691"
  },
  {
    "name": "Färöarna",
    "english_name": "Faroe Islands",
    "code": "fo",
    "phone_code": "298"
  },
  {
    "name": "Frankrike",
    "english_name": "France",
    "code": "fr",
    "phone_code": "33"
  },
  {
    "name": "Gabon",
    "english_name": "Gabon",
    "code": "ga",
    "phone_code": "241"
  },
  {
    "name": "Storbritannien",
    "english_name": "United Kingdom",
    "code": "gb",
    "phone_code": "44"
  },
  {
    "name": "Grenada",
    "english_name": "Grenada",
    "code": "gd",
    "phone_code": "1"
  },
  {
    "name": "Georgien",
    "english_name": "Georgia",
    "code": "ge",
    "phone_code": "995"
  },
  {
    "name": "Franska Guyana",
    "english_name": "French Guyana",
    "code": "gf",
    "phone_code": "594"
  },
  {
    "name": "Guernsey",
    "english_name": "Guernsey",
    "code": "gg",
    "phone_code": "44"
  },
  {
    "name": "Ghana",
    "english_name": "Ghana",
    "code": "gh",
    "phone_code": "233"
  },
  {
    "name": "Gibraltar",
    "english_name": "Gibraltar",
    "code": "gi",
    "phone_code": "350"
  },
  {
    "name": "Grönland",
    "english_name": "Greenland",
    "code": "gl",
    "phone_code": "299"
  },
  {
    "name": "Gambia",
    "english_name": "Gambia",
    "code": "gm",
    "phone_code": "220"
  },
  {
    "name": "Guinea",
    "english_name": "Guinea",
    "code": "gn",
    "phone_code": "224"
  },
  {
    "name": "Guadeloupe",
    "english_name": "Guadeloupe",
    "code": "gp",
    "phone_code": "590"
  },
  {
    "name": "Ekvatorialguinea",
    "english_name": "Equatorial Guinea",
    "code": "gq",
    "phone_code": "240"
  },
  {
    "name": "Grekland",
    "english_name": "Greece",
    "code": "gr",
    "phone_code": "30"
  },
  {
    "name": "Guatemala",
    "english_name": "Guatemala",
    "code": "gt",
    "phone_code": "502"
  },
  {
    "name": "Guam",
    "english_name": "Guam",
    "code": "gu",
    "phone_code": "1"
  },
  {
    "name": "Guinea-Bissau",
    "english_name": "Guinea-bissau",
    "code": "gw",
    "phone_code": "245"
  },
  {
    "name": "Guyana",
    "english_name": "Guyana",
    "code": "gy",
    "phone_code": "592"
  },
  {
    "name": "Hongkong",
    "english_name": "Hong Kong",
    "code": "hk",
    "phone_code": "852"
  },
  {
    "name": "Honduras",
    "english_name": "Honduras",
    "code": "hn",
    "phone_code": "504"
  },
  {
    "name": "Kroatien",
    "english_name": "Croatia",
    "code": "hr",
    "phone_code": "385"
  },
  {
    "name": "Haiti",
    "english_name": "Haiti",
    "code": "ht",
    "phone_code": "509"
  },
  {
    "name": "Ungern",
    "english_name": "Hungary",
    "code": "hu",
    "phone_code": "36"
  },
  {
    "name": "Indonesien",
    "english_name": "Indonesia",
    "code": "id",
    "phone_code": "62"
  },
  {
    "name": "Irland",
    "english_name": "Ireland",
    "code": "ie",
    "phone_code": "353"
  },
  {
    "name": "Israel",
    "english_name": "Israel",
    "code": "il",
    "phone_code": "972"
  },
  {
    "name": "Isle of Man",
    "english_name": "Isle Of Man",
    "code": "im",
    "phone_code": "44"
  },
  {
    "name": "Island",
    "english_name": "Iceland",
    "code": "is",
    "phone_code": "354"
  },
  {
    "name": "Indien",
    "english_name": "India",
    "code": "in",
    "phone_code": "91"
  },
  {
    "name": "Brittiska territoriet i Indiska oceanen",
    "english_name": "British Indian Ocean Territory",
    "code": "io",
    "phone_code": "246"
  },
  {
    "name": "Irak",
    "english_name": "Iraq",
    "code": "iq",
    "phone_code": "964"
  },
  {
    "name": "Iran",
    "english_name": "Iran, Islamic Republic Of",
    "code": "ir",
    "phone_code": "98"
  },
  {
    "name": "Italien",
    "english_name": "Italy",
    "code": "it",
    "phone_code": "39"
  },
  {
    "name": "Jersey",
    "english_name": "Jersey",
    "code": "je",
    "phone_code": "44"
  },
  {
    "name": "Jamaica",
    "english_name": "Jamaica",
    "code": "jm",
    "phone_code": "1"
  },
  {
    "name": "Jordanien",
    "english_name": "Jordan",
    "code": "jo",
    "phone_code": "962"
  },
  {
    "name": "Japan",
    "english_name": "Japan",
    "code": "jp",
    "phone_code": "81"
  },
  {
    "name": "Kenya",
    "english_name": "Kenya",
    "code": "ke",
    "phone_code": "254"
  },
  {
    "name": "Kirgizistan",
    "english_name": "Kyrgyzstan",
    "code": "kg",
    "phone_code": "996"
  },
  {
    "name": "Kambodja",
    "english_name": "Cambodia",
    "code": "kh",
    "phone_code": "855"
  },
  {
    "name": "Kiribati",
    "english_name": "Kiribati",
    "code": "ki",
    "phone_code": "686"
  },
  {
    "name": "Komorerna",
    "english_name": "Comoros",
    "code": "km",
    "phone_code": "269"
  },
  {
    "name": "Saint Kitts och Nevis",
    "english_name": "Saint Kitts and Nevis",
    "code": "kn",
    "phone_code": "1"
  },
  {
    "name": "Nordkorea",
    "english_name": "North Korea",
    "code": "kp",
    "phone_code": "850"
  },
  {
    "name": "Sydkorea",
    "english_name": "South Korea",
    "code": "kr",
    "phone_code": "82"
  },
  {
    "name": "Kuwait",
    "english_name": "Kuwait",
    "code": "kw",
    "phone_code": "965"
  },
  {
    "name": "Caymanöarna",
    "english_name": "Cayman Islands",
    "code": "ky",
    "phone_code": "1"
  },
  {
    "name": "Kazakstan",
    "english_name": "Kazakhstan",
    "code": "kz",
    "phone_code": "7"
  },
  {
    "name": "Laos",
    "english_name": "Lao People's Democratic Republic",
    "code": "la",
    "phone_code": "856"
  },
  {
    "name": "Libanon",
    "english_name": "Lebanon",
    "code": "lb",
    "phone_code": "961"
  },
  {
    "name": "Saint Lucia",
    "english_name": "Saint Lucia",
    "code": "lc",
    "phone_code": "1"
  },
  {
    "name": "Liechtenstein",
    "english_name": "Liechtenstein",
    "code": "li",
    "phone_code": "423"
  },
  {
    "name": "Sri Lanka",
    "english_name": "Sri Lanka",
    "code": "lk",
    "phone_code": "94"
  },
  {
    "name": "Liberia",
    "english_name": "Liberia",
    "code": "lr",
    "phone_code": "231"
  },
  {
    "name": "Lesotho",
    "english_name": "Lesotho",
    "code": "ls",
    "phone_code": "266"
  },
  {
    "name": "Litauen",
    "english_name": "Lithuania",
    "code": "lt",
    "phone_code": "370"
  },
  {
    "name": "Luxemburg",
    "english_name": "Luxembourg",
    "code": "lu",
    "phone_code": "352"
  },
  {
    "name": "Lettland",
    "english_name": "Latvia",
    "code": "lv",
    "phone_code": "371"
  },
  {
    "name": "Libyen",
    "english_name": "Libya",
    "code": "ly",
    "phone_code": "218"
  },
  {
    "name": "Marocko",
    "english_name": "Morocco",
    "code": "ma",
    "phone_code": "212"
  },
  {
    "name": "Monaco",
    "english_name": "Monaco",
    "code": "mc",
    "phone_code": "377"
  },
  {
    "name": "Moldavien",
    "english_name": "Moldova, Republic Of",
    "code": "md",
    "phone_code": "373"
  },
  {
    "name": "Montenegro",
    "english_name": "Montenegro",
    "code": "me",
    "phone_code": "382"
  },
  {
    "name": "Saint Martin",
    "english_name": "Saint Martin",
    "code": "mf",
    "phone_code": "590"
  },
  {
    "name": "Madagaskar",
    "english_name": "Madagascar",
    "code": "mg",
    "phone_code": "261"
  },
  {
    "name": "Marshallöarna",
    "english_name": "Marshall Islands",
    "code": "mh",
    "phone_code": "692"
  },
  {
    "name": "Makedonien",
    "english_name": "Macedonia (FYROM)",
    "code": "mk",
    "phone_code": "389"
  },
  {
    "name": "Mali",
    "english_name": "Mali",
    "code": "ml",
    "phone_code": "223"
  },
  {
    "name": "Myanmar",
    "english_name": "Myanmar",
    "code": "mm",
    "phone_code": "95"
  },
  {
    "name": "Mongoliet",
    "english_name": "Mongolia",
    "code": "mn",
    "phone_code": "976"
  },
  {
    "name": "Macau",
    "english_name": "Macau",
    "code": "mo",
    "phone_code": "853"
  },
  {
    "name": "Norra Marianerna",
    "english_name": "Northern Mariana Islands",
    "code": "mp",
    "phone_code": "1"
  },
  {
    "name": "Martinique",
    "english_name": "Martinique",
    "code": "mq",
    "phone_code": "596"
  },
  {
    "name": "Mauretanien",
    "english_name": "Mauritania",
    "code": "mr",
    "phone_code": "222"
  },
  {
    "name": "Montserrat",
    "english_name": "Montserrat",
    "code": "ms",
    "phone_code": "1"
  },
  {
    "name": "Malta",
    "english_name": "Malta",
    "code": "mt",
    "phone_code": "356"
  },
  {
    "name": "Mauritius",
    "english_name": "Mauritius",
    "code": "mu",
    "phone_code": "230"
  },
  {
    "name": "Maldiverna",
    "english_name": "Maldives",
    "code": "mv",
    "phone_code": "960"
  },
  {
    "name": "Malawi",
    "english_name": "Malawi",
    "code": "mw",
    "phone_code": "265"
  },
  {
    "name": "Mexiko",
    "english_name": "Mexico",
    "code": "mx",
    "phone_code": "52"
  },
  {
    "name": "Malaysia",
    "english_name": "Malaysia",
    "code": "my",
    "phone_code": "60"
  },
  {
    "name": "Moçambique",
    "english_name": "Mozambique",
    "code": "mz",
    "phone_code": "258"
  },
  {
    "name": "Namibia",
    "english_name": "Namibia",
    "code": "na",
    "phone_code": "264"
  },
  {
    "name": "Nya Kaledonien",
    "english_name": "New Caledonia",
    "code": "nc",
    "phone_code": "687"
  },
  {
    "name": "Niger",
    "english_name": "Niger",
    "code": "ne",
    "phone_code": "227"
  },
  {
    "name": "Norfolköarna",
    "english_name": "Norfolk Islands",
    "code": "nf",
    "phone_code": "672"
  },
  {
    "name": "Nigeria",
    "english_name": "Nigeria",
    "code": "ng",
    "phone_code": "234"
  },
  {
    "name": "Nicaragua",
    "english_name": "Nicaragua",
    "code": "ni",
    "phone_code": "505"
  },
  {
    "name": "Nederländerna",
    "english_name": "Netherlands",
    "code": "nl",
    "phone_code": "31"
  },
  {
    "name": "Norge",
    "english_name": "Norway",
    "code": "no",
    "phone_code": "47"
  },
  {
    "name": "Nepal",
    "english_name": "Nepal",
    "code": "np",
    "phone_code": "977"
  },
  {
    "name": "Nauru",
    "english_name": "Nauru",
    "code": "nr",
    "phone_code": "674"
  },
  {
    "name": "Niue",
    "english_name": "Niue",
    "code": "nu",
    "phone_code": "683"
  },
  {
    "name": "Nya Zeeland",
    "english_name": "New Zealand",
    "code": "nz",
    "phone_code": "64"
  },
  {
    "name": "Oman",
    "english_name": "Oman",
    "code": "om",
    "phone_code": "968"
  },
  {
    "name": "Panama",
    "english_name": "Panama",
    "code": "pa",
    "phone_code": "507"
  },
  {
    "name": "Peru",
    "english_name": "Peru",
    "code": "pe",
    "phone_code": "51"
  },
  {
    "name": "Franska Polynesien",
    "english_name": "French Polynesia",
    "code": "pf",
    "phone_code": "689"
  },
  {
    "name": "Papua Nya Guinea",
    "english_name": "Papua New Guinea",
    "code": "pg",
    "phone_code": "675"
  },
  {
    "name": "Filippinerna",
    "english_name": "Philippines",
    "code": "ph",
    "phone_code": "63"
  },
  {
    "name": "Pakistan",
    "english_name": "Pakistan",
    "code": "pk",
    "phone_code": "92"
  },
  {
    "name": "Polen",
    "english_name": "Poland",
    "code": "pl",
    "phone_code": "48"
  },
  {
    "name": "Saint-Pierre och Miquelon",
    "english_name": "Saint Pierre And Miquelon",
    "code": "pm",
    "phone_code": "508"
  },
  {
    "name": "Pitcairnöarna",
    "english_name": "Pitcairn Islands",
    "code": "pn",
    "phone_code": "870"
  },
  {
    "name": "Puerto Rico",
    "english_name": "Puerto Rico",
    "code": "pr",
    "phone_code": "1"
  },
  {
    "name": "Palestina",
    "english_name": "Palestine",
    "code": "ps",
    "phone_code": "970"
  },
  {
    "name": "Portugal",
    "english_name": "Portugal",
    "code": "pt",
    "phone_code": "351"
  },
  {
    "name": "Palau",
    "english_name": "Palau",
    "code": "pw",
    "phone_code": "680"
  },
  {
    "name": "Paraguay",
    "english_name": "Paraguay",
    "code": "py",
    "phone_code": "595"
  },
  {
    "name": "Qatar",
    "english_name": "Qatar",
    "code": "qa",
    "phone_code": "974"
  },
  {
    "name": "Réunion",
    "english_name": "Réunion",
    "code": "re",
    "phone_code": "262"
  },
  {
    "name": "Rumänien",
    "english_name": "Romania",
    "code": "ro",
    "phone_code": "40"
  },
  {
    "name": "Serbien",
    "english_name": "Serbia",
    "code": "rs",
    "phone_code": "381"
  },
  {
    "name": "Ryssland",
    "english_name": "Russian Federation",
    "code": "ru",
    "phone_code": "7"
  },
  {
    "name": "Rwanda",
    "english_name": "Rwanda",
    "code": "rw",
    "phone_code": "250"
  },
  {
    "name": "Saudiarabien",
    "english_name": "Saudi Arabia",
    "code": "sa",
    "phone_code": "966"
  },
  {
    "name": "Salomonöarna",
    "english_name": "Solomon Islands",
    "code": "sb",
    "phone_code": "677"
  },
  {
    "name": "Seychellerna",
    "english_name": "Seychelles",
    "code": "sc",
    "phone_code": "248"
  },
  {
    "name": "Sudan",
    "english_name": "Sudan",
    "code": "sd",
    "phone_code": "249"
  },
  {
    "name": "Sverige",
    "english_name": "Sweden",
    "code": "se",
    "phone_code": "46"
  },
  {
    "name": "Singapore",
    "english_name": "Singapore",
    "code": "sg",
    "phone_code": "65"
  },
  {
    "name": "Sankta Helena, Ascension och Tristan da Cunha",
    "english_name": "Saint Helena, Ascension And Tristan Da Cunha",
    "code": "sh",
    "phone_code": "290"
  },
  {
    "name": "Slovenien",
    "english_name": "Slovenia",
    "code": "si",
    "phone_code": "386"
  },
  {
    "name": "Slovakien",
    "english_name": "Slovakia",
    "code": "sk",
    "phone_code": "421"
  },
  {
    "name": "Sierra Leone",
    "english_name": "Sierra Leone",
    "code": "sl",
    "phone_code": "232"
  },
  {
    "name": "San Marino",
    "english_name": "San Marino",
    "code": "sm",
    "phone_code": "378"
  },
  {
    "name": "Senegal",
    "english_name": "Senegal",
    "code": "sn",
    "phone_code": "221"
  },
  {
    "name": "Somalia",
    "english_name": "Somalia",
    "code": "so",
    "phone_code": "252"
  },
  {
    "name": "Surinam",
    "english_name": "Suriname",
    "code": "sr",
    "phone_code": "597"
  },
  {
    "name": "södra Sudan",
    "english_name": "South Sudan",
    "code": "ss",
    "phone_code": "211"
  },
  {
    "name": "São Tomé och Príncipe",
    "english_name": "Sao Tome And Principe",
    "code": "st",
    "phone_code": "239"
  },
  {
    "name": "El Salvador",
    "english_name": "El Salvador",
    "code": "sv",
    "phone_code": "503"
  },
  {
    "name": "Sint Maarten",
    "english_name": "Sint Maarten",
    "code": "sx",
    "phone_code": "1"
  },
  {
    "name": "Syrien",
    "english_name": "Syrian Arab Republic",
    "code": "sy",
    "phone_code": "963"
  },
  {
    "name": "Swaziland",
    "english_name": "Swaziland",
    "code": "sz",
    "phone_code": "268"
  },
  {
    "name": "Turks- och Caicosöarna",
    "english_name": "Turks and Caicos Islands",
    "code": "tc",
    "phone_code": "1"
  },
  {
    "name": "Tchad",
    "english_name": "Chad",
    "code": "td",
    "phone_code": "235"
  },
  {
    "name": "Togo",
    "english_name": "Togo",
    "code": "tg",
    "phone_code": "228"
  },
  {
    "name": "Thailand",
    "english_name": "Thailand",
    "code": "th",
    "phone_code": "66"
  },
  {
    "name": "Tadzjikistan",
    "english_name": "Tajikistan",
    "code": "tj",
    "phone_code": "992"
  },
  {
    "name": "Tokelau",
    "english_name": "Tokelau",
    "code": "tk",
    "phone_code": "690"
  },
  {
    "name": "Östtimor",
    "english_name": "Timor-leste",
    "code": "tl",
    "phone_code": "670"
  },
  {
    "name": "Turkmenistan",
    "english_name": "Turkmenistan",
    "code": "tm",
    "phone_code": "993"
  },
  {
    "name": "Tunisien",
    "english_name": "Tunisia",
    "code": "tn",
    "phone_code": "216"
  },
  {
    "name": "Tonga",
    "english_name": "Tonga",
    "code": "to",
    "phone_code": "676"
  },
  {
    "name": "Turkiet",
    "english_name": "Turkey",
    "code": "tr",
    "phone_code": "90"
  },
  {
    "name": "Trinidad och Tobago",
    "english_name": "Trinidad & Tobago",
    "code": "tt",
    "phone_code": "1"
  },
  {
    "name": "Tuvalu",
    "english_name": "Tuvalu",
    "code": "tv",
    "phone_code": "688"
  },
  {
    "name": "Taiwan",
    "english_name": "Taiwan",
    "code": "tw",
    "phone_code": "886"
  },
  {
    "name": "Tanzania",
    "english_name": "Tanzania, United Republic Of",
    "code": "tz",
    "phone_code": "255"
  },
  {
    "name": "Ukraina",
    "english_name": "Ukraine",
    "code": "ua",
    "phone_code": "380"
  },
  {
    "name": "Uganda",
    "english_name": "Uganda",
    "code": "ug",
    "phone_code": "256"
  },
  {
    "name": "USA",
    "english_name": "United States (USA)",
    "code": "us",
    "phone_code": "1"
  },
  {
    "name": "Uruguay",
    "english_name": "Uruguay",
    "code": "uy",
    "phone_code": "598"
  },
  {
    "name": "Uzbekistan",
    "english_name": "Uzbekistan",
    "code": "uz",
    "phone_code": "998"
  },
  {
    "name": "Vatikanstaten",
    "english_name": "Holy See (vatican City State)",
    "code": "va",
    "phone_code": "379"
  },
  {
    "name": "Saint Vincent och Grenadinerna",
    "english_name": "Saint Vincent & The Grenadines",
    "code": "vc",
    "phone_code": "1"
  },
  {
    "name": "Venezuela",
    "english_name": "Venezuela, Bolivarian Republic Of",
    "code": "ve",
    "phone_code": "58"
  },
  {
    "name": "Brittiska Jungfruöarna",
    "english_name": "British Virgin Islands",
    "code": "vg",
    "phone_code": "1"
  },
  {
    "name": "Amerikanska Jungfruöarna",
    "english_name": "US Virgin Islands",
    "code": "vi",
    "phone_code": "1"
  },
  {
    "name": "Vietnam",
    "english_name": "Vietnam",
    "code": "vn",
    "phone_code": "84"
  },
  {
    "name": "Vanuatu",
    "english_name": "Vanuatu",
    "code": "vu",
    "phone_code": "678"
  },
  {
    "name": "Wallis- och Futunaöarna",
    "english_name": "Wallis And Futuna",
    "code": "wf",
    "phone_code": "681"
  },
  {
    "name": "Samoa",
    "english_name": "Samoa",
    "code": "ws",
    "phone_code": "685"
  },
  {
    "name": "Kosovo",
    "english_name": "Kosovo",
    "code": "xk",
    "phone_code": "383"
  },
  {
    "name": "Jemen",
    "english_name": "Yemen",
    "code": "ye",
    "phone_code": "967"
  },
  {
    "name": "Mayotte",
    "english_name": "Mayotte",
    "code": "yt",
    "phone_code": "262"
  },
  {
    "name": "Sydafrika",
    "english_name": "South Africa",
    "code": "za",
    "phone_code": "27"
  },
  {
    "name": "Zambia",
    "english_name": "Zambia",
    "code": "zm",
    "phone_code": "260"
  },
  {
    "name": "Zimbabwe",
    "english_name": "Zimbabwe",
    "code": "zw",
    "phone_code": "263"
  }
]